{"mapMsgs":{"1_1":{"name":"1_1","minTime":1.7976931348623157e+308,"lastMsgNums":0},"200_10":{"name":"200_10","totalTime":102.20450796000134,"totalTimes":181627,"maxTime":0.050755354,"minTime":0.000138715,"maxParallels":5,"nodes":[0.050755354,0.050493847,0.041741109,0.038595584,0.038414257,0.038183485,0.036773332,0.035771196,0.034595358,0.033649259,0.00040712,0.000351617,0.000338165,0.000328599,0.000306631,0.000302702,0.000267952],"lastMsgNums":0},"200_100":{"name":"200_100","totalTime":0.001592153,"totalTimes":1,"maxTime":0.001592153,"minTime":0.001592153,"maxParallels":1,"nodes":[0.001592153],"lastMsgNums":0},"200_101":{"name":"200_101","minTime":1.7976931348623157e+308,"lastMsgNums":0},"200_102":{"name":"200_102","totalTime":0.000065031,"totalTimes":1,"maxTime":0.000065031,"minTime":0.000065031,"maxParallels":1,"nodes":[0.000065031],"lastMsgNums":0},"200_103":{"name":"200_103","minTime":1.7976931348623157e+308,"lastMsgNums":0},"200_105":{"name":"200_105","minTime":1.7976931348623157e+308,"lastMsgNums":0},"200_106":{"name":"200_106","totalTime":0.875069837,"totalTimes":1,"maxTime":0.875069837,"minTime":0.875069837,"maxParallels":1,"nodes":[0.875069837],"lastMsgNums":0},"200_107":{"name":"200_107","minTime":1.7976931348623157e+308,"lastMsgNums":0},"200_108":{"name":"200_108","minTime":1.7976931348623157e+308,"lastMsgNums":0},"200_109":{"name":"200_109","totalTime":0.00176584,"totalTimes":2,"maxTime":0.001460893,"minTime":0.000304947,"maxParallels":1,"nodes":[0.001460893,0.000304947],"lastMsgNums":0},"200_11":{"name":"200_11","minTime":1.7976931348623157e+308,"lastMsgNums":0},"200_110":{"name":"200_110","totalTime":0.000299323,"totalTimes":1,"maxTime":0.000299323,"minTime":0.000299323,"maxParallels":1,"nodes":[0.000299323],"lastMsgNums":0},"200_111":{"name":"200_111","minTime":1.7976931348623157e+308,"lastMsgNums":0},"200_112":{"name":"200_112","minTime":1.7976931348623157e+308,"lastMsgNums":0},"200_113":{"name":"200_113","totalTime":0.005884706,"totalTimes":1,"maxTime":0.005884706,"minTime":0.005884706,"maxParallels":1,"nodes":[0.005884706],"lastMsgNums":0},"200_114":{"name":"200_114","minTime":1.7976931348623157e+308,"lastMsgNums":0},"200_115":{"name":"200_115","totalTime":0.001648229,"totalTimes":1,"maxTime":0.001648229,"minTime":0.001648229,"maxParallels":1,"nodes":[0.001648229],"lastMsgNums":0},"200_116":{"name":"200_116","minTime":1.7976931348623157e+308,"lastMsgNums":0},"200_117":{"name":"200_117","minTime":1.7976931348623157e+308,"lastMsgNums":0},"200_118":{"name":"200_118","minTime":1.7976931348623157e+308,"lastMsgNums":0},"200_119":{"name":"200_119","minTime":1.7976931348623157e+308,"lastMsgNums":0},"200_12":{"name":"200_12","totalTime":0.004501238,"totalTimes":1,"maxTime":0.004501238,"minTime":0.004501238,"maxParallels":1,"nodes":[0.004501238],"lastMsgNums":0},"200_120":{"name":"200_120","minTime":1.7976931348623157e+308,"lastMsgNums":0},"200_13":{"name":"200_13","minTime":1.7976931348623157e+308,"lastMsgNums":0},"200_15":{"name":"200_15","totalTime":19.912735192000003,"totalTimes":7,"maxTime":3.016409917,"minTime":2.727954149,"maxParallels":3,"nodes":[3.016409917,2.928971066,2.916627066,2.808123839,2.776495643,2.7381535120000002,2.727954149],"lastMsgNums":0},"200_16":{"name":"200_16","totalTime":0.00631839,"totalTimes":9,"maxTime":0.003957704,"minTime":0.000166991,"maxParallels":1,"nodes":[0.003957704,0.000813859,0.000304667,0.000240686,0.000233939,0.00022163,0.000200262,0.000178652,0.000166991],"lastMsgNums":0},"200_17":{"name":"200_17","minTime":1.7976931348623157e+308,"lastMsgNums":0},"200_18":{"name":"200_18","minTime":1.7976931348623157e+308,"lastMsgNums":0},"200_2":{"name":"200_2","totalTime":9.25080929700001,"totalTimes":2000,"maxTime":0.06794179,"minTime":0.003307496,"maxParallels":1,"nodes":[0.06794179,0.060518035,0.059142369,0.056407649,0.053499546,0.051363557,0.050866157,0.050522508,0.045701757,0.040291168,0.005020487,0.004363691,0.004277709,0.004042967,0.004039567,0.003966967,0.003827615,0.003774318,0.003616301,0.003561728],"lastMsgNums":0},"200_21":{"name":"200_21","totalTime":0.010667653,"totalTimes":1,"maxTime":0.010667653,"minTime":0.010667653,"maxParallels":1,"nodes":[0.010667653],"lastMsgNums":0},"200_22":{"name":"200_22","totalTime":0.001754381,"totalTimes":1,"maxTime":0.001754381,"minTime":0.001754381,"maxParallels":1,"nodes":[0.001754381],"lastMsgNums":0},"200_23":{"name":"200_23","totalTime":0.001261124,"totalTimes":1,"maxTime":0.001261124,"minTime":0.001261124,"maxParallels":1,"nodes":[0.001261124],"lastMsgNums":0},"200_24":{"name":"200_24","minTime":1.7976931348623157e+308,"lastMsgNums":0},"200_25":{"name":"200_25","totalTime":0.001523493,"totalTimes":1,"maxTime":0.001523493,"minTime":0.001523493,"maxParallels":1,"nodes":[0.001523493],"lastMsgNums":0},"200_26":{"name":"200_26","totalTime":0.004497421,"totalTimes":1,"maxTime":0.004497421,"minTime":0.004497421,"maxParallels":1,"nodes":[0.004497421],"lastMsgNums":0},"200_27":{"name":"200_27","totalTime":0.001502643,"totalTimes":1,"maxTime":0.001502643,"minTime":0.001502643,"maxParallels":1,"nodes":[0.001502643],"lastMsgNums":0},"200_28":{"name":"200_28","totalTime":0.001593893,"totalTimes":1,"maxTime":0.001593893,"minTime":0.001593893,"maxParallels":1,"nodes":[0.001593893],"lastMsgNums":0},"200_3":{"name":"200_3","totalTime":4.241971916999997,"totalTimes":2005,"maxTime":0.053081584,"minTime":0.001295783,"maxParallels":1,"nodes":[0.053081584,0.049783801,0.045606764,0.045605949,0.037560632,0.037171795,0.035987909,0.03478058,0.033889292,0.033221915,0.002832801,0.002070323,0.001676614,0.001423895],"lastMsgNums":0},"200_30":{"name":"200_30","minTime":1.7976931348623157e+308,"lastMsgNums":0},"200_31":{"name":"200_31","totalTime":0.017502679,"totalTimes":7,"maxTime":0.007263699,"minTime":0.000842422,"maxParallels":1,"nodes":[0.007263699,0.005315568,0.001203857,0.001022326,0.001003575,0.000851232,0.000842422],"lastMsgNums":0},"200_32":{"name":"200_32","totalTime":0.002861026,"totalTimes":3,"maxTime":0.00244361,"minTime":0.000192145,"maxParallels":1,"nodes":[0.00244361,0.000225271,0.000192145],"lastMsgNums":0},"200_33":{"name":"200_33","minTime":1.7976931348623157e+308,"lastMsgNums":0},"200_34":{"name":"200_34","minTime":1.7976931348623157e+308,"lastMsgNums":0},"200_35":{"name":"200_35","totalTime":0.002055948,"totalTimes":3,"maxTime":0.000921235,"minTime":0.00056053,"maxParallels":1,"nodes":[0.000921235,0.000574183,0.00056053],"lastMsgNums":0},"200_36":{"name":"200_36","minTime":1.7976931348623157e+308,"lastMsgNums":0},"200_37":{"name":"200_37","minTime":1.7976931348623157e+308,"lastMsgNums":0},"200_38":{"name":"200_38","minTime":1.7976931348623157e+308,"lastMsgNums":0},"200_39":{"name":"200_39","minTime":1.7976931348623157e+308,"lastMsgNums":0},"200_4":{"name":"200_4","totalTime":4629.97246568214,"totalTimes":868342,"maxTime":0.121781617,"minTime":0.00120314,"maxParallels":64,"nodes":[0.121781617,0.121448655,0.121394636,0.121180026,0.120976128,0.120528651,0.119904164,0.118807523,0.115194222,0.109373722,0.014596552,0.013625722,0.004347106],"lastMsgNums":0},"200_40":{"name":"200_40","minTime":1.7976931348623157e+308,"lastMsgNums":0},"200_41":{"name":"200_41","minTime":1.7976931348623157e+308,"lastMsgNums":0},"200_42":{"name":"200_42","minTime":1.7976931348623157e+308,"lastMsgNums":0},"200_43":{"name":"200_43","minTime":1.7976931348623157e+308,"lastMsgNums":0},"200_44":{"name":"200_44","totalTime":0.000103451,"totalTimes":1,"maxTime":0.000103451,"minTime":0.000103451,"maxParallels":1,"nodes":[0.000103451],"lastMsgNums":0},"200_45":{"name":"200_45","minTime":1.7976931348623157e+308,"lastMsgNums":0},"200_46":{"name":"200_46","minTime":1.7976931348623157e+308,"lastMsgNums":0},"200_47":{"name":"200_47","minTime":1.7976931348623157e+308,"lastMsgNums":0},"200_48":{"name":"200_48","minTime":1.7976931348623157e+308,"lastMsgNums":0},"200_49":{"name":"200_49","totalTime":0.001690913,"totalTimes":1,"maxTime":0.001690913,"minTime":0.001690913,"maxParallels":1,"nodes":[0.001690913],