{"mapMsgs":{"1_1":{"name":"1_1","minTime":1.7976931348623157e+308,"lastMsgNums":0},"200_10":{"name":"200_10","minTime":1.7976931348623157e+308,"lastMsgNums":0},"200_100":{"name":"200_100","totalTime":0.003158293,"totalTimes":1,"maxTime":0.003158293,"minTime":0.003158293,"maxParallels":1,"nodes":[0.003158293],"lastMsgNums":0},"200_101":{"name":"200_101","minTime":1.7976931348623157e+308,"lastMsgNums":0},"200_102":{"name":"200_102","totalTime":0.000103969,"totalTimes":1,"maxTime":0.000103969,"minTime":0.000103969,"maxParallels":1,"nodes":[0.000103969],"lastMsgNums":0},"200_103":{"name":"200_103","minTime":1.7976931348623157e+308,"lastMsgNums":0},"200_105":{"name":"200_105","minTime":1.7976931348623157e+308,"lastMsgNums":0},"200_106":{"name":"200_106","totalTime":0.59578646,"totalTimes":1,"maxTime":0.59578646,"minTime":0.59578646,"maxParallels":1,"nodes":[0.59578646],"lastMsgNums":0},"200_107":{"name":"200_107","minTime":1.7976931348623157e+308,"lastMsgNums":0},"200_108":{"name":"200_108","minTime":1.7976931348623157e+308,"lastMsgNums":0},"200_109":{"name":"200_109","minTime":1.7976931348623157e+308,"lastMsgNums":0},"200_11":{"name":"200_11","minTime":1.7976931348623157e+308,"lastMsgNums":0},"200_110":{"name":"200_110","totalTime":0.000348213,"totalTimes":1,"maxTime":0.000348213,"minTime":0.000348213,"maxParallels":1,"nodes":[0.000348213],"lastMsgNums":0},"200_111":{"name":"200_111","minTime":1.7976931348623157e+308,"lastMsgNums":0},"200_112":{"name":"200_112","minTime":1.7976931348623157e+308,"lastMsgNums":0},"200_113":{"name":"200_113","totalTime":0.006079337,"totalTimes":1,"maxTime":0.006079337,"minTime":0.006079337,"maxParallels":1,"nodes":[0.006079337],"lastMsgNums":0},"200_114":{"name":"200_114","minTime":1.7976931348623157e+308,"lastMsgNums":0},"200_115":{"name":"200_115","totalTime":0.002592762,"totalTimes":1,"maxTime":0.002592762,"minTime":0.002592762,"maxParallels":1,"nodes":[0.002592762],"lastMsgNums":0},"200_116":{"name":"200_116","totalTime":0.00921475,"totalTimes":1,"maxTime":0.00921475,"minTime":0.00921475,"maxParallels":1,"nodes":[0.00921475],"lastMsgNums":0},"200_117":{"name":"200_117","minTime":1.7976931348623157e+308,"lastMsgNums":0},"200_118":{"name":"200_118","minTime":1.7976931348623157e+308,"lastMsgNums":0},"200_119":{"name":"200_119","minTime":1.7976931348623157e+308,"lastMsgNums":0},"200_12":{"name":"200_12","minTime":1.7976931348623157e+308,"lastMsgNums":0},"200_120":{"name":"200_120","minTime":1.7976931348623157e+308,"lastMsgNums":0},"200_13":{"name":"200_13","minTime":1.7976931348623157e+308,"lastMsgNums":0},"200_15":{"name":"200_15","minTime":1.7976931348623157e+308,"lastMsgNums":0},"200_16":{"name":"200_16","minTime":1.7976931348623157e+308,"lastMsgNums":0},"200_17":{"name":"200_17","totalTime":0.312869311,"totalTimes":1,"maxTime":0.312869311,"minTime":0.312869311,"maxParallels":1,"nodes":[0.312869311],"lastMsgNums":0},"200_18":{"name":"200_18","minTime":1.7976931348623157e+308,"lastMsgNums":0},"200_2":{"name":"200_2","totalTime":8.529276843999993,"totalTimes":2000,"maxTime":0.083932471,"minTime":0.003154467,"maxParallels":1,"nodes":[0.083932471,0.056277876,0.054157062,0.045090394,0.041133843,0.03994352,0.039287375,0.036359238,0.036175169,0.035709111,0.0062459,0.004730684,0.004498292,0.004206906,0.004202897,0.004086359,0.004007814,0.003868913,0.003800376,0.00373027],"lastMsgNums":0},"200_21":{"name":"200_21","minTime":1.7976931348623157e+308,"lastMsgNums":0},"200_22":{"name":"200_22","minTime":1.7976931348623157e+308,"lastMsgNums":0},"200_23":{"name":"200_23","minTime":1.7976931348623157e+308,"lastMsgNums":0},"200_24":{"name":"200_24","minTime":1.7976931348623157e+308,"lastMsgNums":0},"200_25":{"name":"200_25","minTime":1.7976931348623157e+308,"lastMsgNums":0},"200_26":{"name":"200_26","minTime":1.7976931348623157e+308,"lastMsgNums":0},"200_27":{"name":"200_27","minTime":1.7976931348623157e+308,"lastMsgNums":0},"200_28":{"name":"200_28","minTime":1.7976931348623157e+308,"lastMsgNums":0},"200_3":{"name":"200_3","totalTime":3.8091679750000016,"totalTimes":2094,"maxTime":0.061028765,"minTime":0.00106027,"maxParallels":1,"nodes":[0.061028765,0.042348185,0.038990803,0.034710608,0.03287133,0.031819062,0.031409431,0.022121744,0.020067901,0.018961618,0.006532272,0.001655125,0.001516419,0.001439973,0.001417847],"lastMsgNums":0},"200_30":{"name":"200_30","minTime":1.7976931348623157e+308,"lastMsgNums":0},"200_31":{"name":"200_31","minTime":1.7976931348623157e+308,"lastMsgNums":0},"200_32":{"name":"200_32","minTime":1.7976931348623157e+308,"lastMsgNums":0},"200_33":{"name":"200_33","minTime":1.7976931348623157e+308,"lastMsgNums":0},"200_34":{"name":"200_34","minTime":1.7976931348623157e+308,"lastMsgNums":0},"200_35":{"name":"200_35","minTime":1.7976931348623157e+308,"lastMsgNums":0},"200_36":{"name":"200_36","minTime":1.7976931348623157e+308,"lastMsgNums":0},"200_37":{"name":"200_37","minTime":1.7976931348623157e+308,"lastMsgNums":0},"200_38":{"name":"200_38","minTime":1.7976931348623157e+308,"lastMsgNums":0},"200_39":{"name":"200_39","minTime":1.7976931348623157e+308,"lastMsgNums":0},"200_4":{"name":"200_4","totalTime":3809.4123608560367,"totalTimes":504811,"maxTime":0.155444566,"minTime":0.001091341,"maxParallels":64,"nodes":[0.155444566,0.155080902,0.153715642,0.150919744,0.149273404,0.14735436,0.146871734,0.146532966,0.14481241,0.144364127],"lastMsgNums":0},"200_40":{"name":"200_40","minTime":1.7976931348623157e+308,"lastMsgNums":0},"200_41":{"name":"200_41","minTime":1.7976931348623157e+308,"lastMsgNums":0},"200_42":{"name":"200_42","minTime":1.7976931348623157e+308,"lastMsgNums":0},"200_43":{"name":"200_43","minTime":1.7976931348623157e+308,"lastMsgNums":0},"200_44":{"name":"200_44","minTime":1.7976931348623157e+308,"lastMsgNums":0},"200_45":{"name":"200_45","minTime":1.7976931348623157e+308,"lastMsgNums":0},"200_46":{"name":"200_46","minTime":1.7976931348623157e+308,"lastMsgNums":0},"200_47":{"name":"200_47","minTime":1.7976931348623157e+308,"lastMsgNums":0},"200_48":{"name":"200_48","minTime":1.7976931348623157e+308,"lastMsgNums":0},"200_49":{"name":"200_49","totalTime":0.003555523,"totalTimes":1,"maxTime":0.003555523,"minTime":0.003555523,"maxParallels":1,"nodes":[0.003555523],"lastMsgNums":0},"200_50":{"name":"200_50","totalTime":0.010718481,"totalTimes":3,"maxTime":0.010630089,"minTime":0.0000147,"maxParallels":1,"nodes":[0.010630089,0.000073692,0.0000147],"lastMsgNums":0},"200_51":{"name":"200_51","minTime":1.7976931348623157e+308,"lastMsgNums":0},"200_53":{"name":"200_53","minTime":1.7976931348623157e+308,"lastMsgNums":0},"200_56":{"name":"200_56","totalTime":1.383663591999998,"totalTimes":2094,"maxTime":0.029947885,"minTime":0.000422688,"maxParallels":1,"nodes":[0.029947885,0.028025599,0.021340681,0.016252493,0.016026722,0.014387867,0.013154426,0.011051189,0.010107515,0.009785782,0.008879266,0.000644234,0.000602069,0.000533366,0.000527862],"lastMsgNums":0},"200_57":{"name":"200_57","totalTime":0.309867235,"totalTimes":2094,"maxTime":0.002953949,"minTime":0.000103709,"maxParallels":1,"nodes":[0.002953949,0.002473659,0.001021488,0.000854429,0.000627292,0.000406346,0.000290435,0.000285512,0.000276013,0.000264549,0.000205084,0.000172381,0.000162421,0.000141636,0.000137933],"lastMsgNums":0},"200_58":{"name":"200_58","minTime":1.7976931348623157e+308,"lastMsgNums":0},"200_6":{"name":"200_6","totalTime":582.358064552992,"totalTimes":662125,"maxTime":0.081641884,"minTime":0.000239218,"maxParallels":25,"nodes":[0.081641884,0.06846873,0.065869739,0.063974606,0.063891683,0.062835601,0.062780865,0.062779815,0.061481971,0.060489467,0.000498416,0.000475546,0.000445103],"lastMsgNums":0},"200_60":{"name":"200_60","minTime":1.7976931348623157e+308,"lastMsgNums":0},"200_61":{"name":"200_61","minTime":1.7976931348623157e+308,"lastMsgNums":0},"200_62":{"name":"200_62","minTime":1.7976931348623157e+308,"lastMsgNums":0},"200_63":{"name":"200_63","minTime":1.7976931348623157e+308,"lastMsgNums":0},"200_64":{"name":"200_64",