{"mapMsgs":{"1_1":{"name":"1_1","minTime":1.7976931348623157e+308,"lastMsgNums":0},"200_10":{"name":"200_10","totalTime":0.000924797,"totalTimes":2,"maxTime":0.000539742,"minTime":0.000385055,"maxParallels":1,"nodes":[0.000539742,0.000385055],"lastMsgNums":0},"200_100":{"name":"200_100","totalTime":0.001579131,"totalTimes":1,"maxTime":0.001579131,"minTime":0.001579131,"maxParallels":1,"nodes":[0.001579131],"lastMsgNums":0},"200_101":{"name":"200_101","minTime":1.7976931348623157e+308,"lastMsgNums":0},"200_102":{"name":"200_102","totalTime":0.00013789,"totalTimes":1,"maxTime":0.00013789,"minTime":0.00013789,"maxParallels":1,"nodes":[0.00013789],"lastMsgNums":0},"200_103":{"name":"200_103","minTime":1.7976931348623157e+308,"lastMsgNums":0},"200_105":{"name":"200_105","minTime":1.7976931348623157e+308,"lastMsgNums":0},"200_106":{"name":"200_106","totalTime":0.663382492,"totalTimes":1,"maxTime":0.663382492,"minTime":0.663382492,"maxParallels":1,"nodes":[0.663382492],"lastMsgNums":0},"200_107":{"name":"200_107","minTime":1.7976931348623157e+308,"lastMsgNums":0},"200_108":{"name":"200_108","minTime":1.7976931348623157e+308,"lastMsgNums":0},"200_109":{"name":"200_109","minTime":1.7976931348623157e+308,"lastMsgNums":0},"200_11":{"name":"200_11","minTime":1.7976931348623157e+308,"lastMsgNums":0},"200_110":{"name":"200_110","totalTime":0.000339619,"totalTimes":1,"maxTime":0.000339619,"minTime":0.000339619,"maxParallels":1,"nodes":[0.000339619],"lastMsgNums":0},"200_111":{"name":"200_111","minTime":1.7976931348623157e+308,"lastMsgNums":0},"200_112":{"name":"200_112","minTime":1.7976931348623157e+308,"lastMsgNums":0},"200_113":{"name":"200_113","totalTime":0.003342717,"totalTimes":1,"maxTime":0.003342717,"minTime":0.003342717,"maxParallels":1,"nodes":[0.003342717],"lastMsgNums":0},"200_114":{"name":"200_114","minTime":1.7976931348623157e+308,"lastMsgNums":0},"200_115":{"name":"200_115","totalTime":0.00138534,"totalTimes":1,"maxTime":0.00138534,"minTime":0.00138534,"maxParallels":1,"nodes":[0.00138534],"lastMsgNums":0},"200_116":{"name":"200_116","minTime":1.7976931348623157e+308,"lastMsgNums":0},"200_117":{"name":"200_117","minTime":1.7976931348623157e+308,"lastMsgNums":0},"200_118":{"name":"200_118","minTime":1.7976931348623157e+308,"lastMsgNums":0},"200_119":{"name":"200_119","minTime":1.7976931348623157e+308,"lastMsgNums":0},"200_12":{"name":"200_12","minTime":1.7976931348623157e+308,"lastMsgNums":0},"200_120":{"name":"200_120","minTime":1.7976931348623157e+308,"lastMsgNums":0},"200_13":{"name":"200_13","minTime":1.7976931348623157e+308,"lastMsgNums":0},"200_15":{"name":"200_15","totalTime":11.690783383,"totalTimes":13,"maxTime":1.22772548,"minTime":0.016266373,"maxParallels":1,"nodes":[1.22772548,1.170401632,1.041758065,1.038535206,1.035292268,1.035205887,1.032723108,1.023770938,1.020815823,1.01422364,1.010950274,0.023114689,0.016266373],"lastMsgNums":0},"200_16":{"name":"200_16","totalTime":0.002678363,"totalTimes":9,"maxTime":0.000346499,"minTime":0.000203473,"maxParallels":1,"nodes":[0.000346499,0.000341323,0.000328951,0.000304911,0.000304723,0.000291127,0.00027979,0.000277566,0.000203473],"lastMsgNums":0},"200_17":{"name":"200_17","totalTime":0.273777329,"totalTimes":1,"maxTime":0.273777329,"minTime":0.273777329,"maxParallels":1,"nodes":[0.273777329],"lastMsgNums":0},"200_18":{"name":"200_18","minTime":1.7976931348623157e+308,"lastMsgNums":0},"200_2":{"name":"200_2","totalTime":8.984626524999998,"totalTimes":2001,"maxTime":0.075473076,"minTime":0.003366219,"maxParallels":1,"nodes":[0.075473076,0.07185918,0.068258845,0.065104919,0.060776494,0.054418816,0.04945428,0.049162728,0.046280404,0.043616094],"lastMsgNums":0},"200_21":{"name":"200_21","totalTime":0.053768983,"totalTimes":1,"maxTime":0.053768983,"minTime":0.053768983,"maxParallels":1,"nodes":[0.053768983],"lastMsgNums":0},"200_22":{"name":"200_22","totalTime":0.00183273,"totalTimes":1,"maxTime":0.00183273,"minTime":0.00183273,"maxParallels":1,"nodes":[0.00183273],"lastMsgNums":0},"200_23":{"name":"200_23","totalTime":0.001665331,"totalTimes":1,"maxTime":0.001665331,"minTime":0.001665331,"maxParallels":1,"nodes":[0.001665331],"lastMsgNums":0},"200_24":{"name":"200_24","minTime":1.7976931348623157e+308,"lastMsgNums":0},"200_25":{"name":"200_25","totalTime":0.00164511,"totalTimes":1,"maxTime":0.00164511,"minTime":0.00164511,"maxParallels":1,"nodes":[0.00164511],"lastMsgNums":0},"200_26":{"name":"200_26","totalTime":0.004468499,"totalTimes":1,"maxTime":0.004468499,"minTime":0.004468499,"maxParallels":1,"nodes":[0.004468499],"lastMsgNums":0},"200_27":{"name":"200_27","totalTime":0.001575577,"totalTimes":1,"maxTime":0.001575577,"minTime":0.001575577,"maxParallels":1,"nodes":[0.001575577],"lastMsgNums":0},"200_28":{"name":"200_28","totalTime":0.001478965,"totalTimes":1,"maxTime":0.001478965,"minTime":0.001478965,"maxParallels":1,"nodes":[0.001478965],"lastMsgNums":0},"200_3":{"name":"200_3","totalTime":3.584924982000002,"totalTimes":2006,"maxTime":0.034835505,"minTime":0.001349591,"maxParallels":1,"nodes":[0.034835505,0.031094201,0.030107288,0.018777071,0.016829296,0.016766781,0.016672877,0.016554944,0.015758113,0.015431858,0.002106476,0.001988424,0.001967361,0.001864039,0.001839748],"lastMsgNums":0},"200_30":{"name":"200_30","minTime":1.7976931348623157e+308,"lastMsgNums":0},"200_31":{"name":"200_31","minTime":1.7976931348623157e+308,"lastMsgNums":0},"200_32":{"name":"200_32","minTime":1.7976931348623157e+308,"lastMsgNums":0},"200_33":{"name":"200_33","minTime":1.7976931348623157e+308,"lastMsgNums":0},"200_34":{"name":"200_34","minTime":1.7976931348623157e+308,"lastMsgNums":0},"200_35":{"name":"200_35","minTime":1.7976931348623157e+308,"lastMsgNums":0},"200_36":{"name":"200_36","minTime":1.7976931348623157e+308,"lastMsgNums":0},"200_37":{"name":"200_37","minTime":1.7976931348623157e+308,"lastMsgNums":0},"200_38":{"name":"200_38","minTime":1.7976931348623157e+308,"lastMsgNums":0},"200_39":{"name":"200_39","minTime":1.7976931348623157e+308,"lastMsgNums":0},"200_4":{"name":"200_4","totalTime":4097.800529559035,"totalTimes":514362,"maxTime":0.335012027,"minTime":0.001186001,"maxParallels":241,"nodes":[0.335012027,0.257943676,0.257578923,0.257576473,0.255771317,0.25510963,0.252583644,0.237686483,0.23143669,0.231049942,0.003021117,0.00288036,0.002843186],"lastMsgNums":0},"200_40":{"name":"200_40","minTime":1.7976931348623157e+308,"lastMsgNums":0},"200_41":{"name":"200_41","minTime":1.7976931348623157e+308,"lastMsgNums":0},"200_42":{"name":"200_42","minTime":1.7976931348623157e+308,"lastMsgNums":0},"200_43":{"name":"200_43","minTime":1.7976931348623157e+308,"lastMsgNums":0},"200_44":{"name":"200_44","minTime":1.7976931348623157e+308,"lastMsgNums":0},"200_45":{"name":"200_45","minTime":1.7976931348623157e+308,"lastMsgNums":0},"200_46":{"name":"200_46","minTime":1.7976931348623157e+308,"lastMsgNums":0},"200_47":{"name":"200_47","minTime":1.7976931348623157e+308,"lastMsgNums":0},"200_48":{"name":"200_48","minTime":1.7976931348623157e+308,"lastMsgNums":0},"200_49":{"name":"200_49","totalTime":0.001844913,"totalTimes":1,"maxTime":0.001844913,"minTime":0.001844913,"maxParallels":1,"nodes":[0.001844913],"lastMsgNums":0},"200_50":{"name":"200_50","totalTime":0.007049004,"totalTimes":2,"maxTime":0.006940163,"minTime":0.000108841,"maxParallels":1,"nodes":[0.006940163,0.000108841],"lastMsgNums":0},"200_51":{"name":"200_51","totalTime":0.04562725499999999,"totalTimes":29,"maxTime":0.001840502,"minTime":0.001322916,"maxParallels":1,"nodes":[0.001840502,0.001707244,0.001704246,0.001689234,0.00166296,0.001644355,0.001624106,0.001613333,0.001611129,0.001595319,0.001578643,0.001577117,0.001575687,0.001568473,0.001558563,0.001558318,0.001538977,0.001517524],"lastMsgNums":0},"200_53":{"name":"200_53","minTime":1.7976931348623157e+308,"lastMsgNums":0},"200_56":{"name":"200_56","totalTime":1.3808223990000017,"totalTimes":2006,"maxTime":0.030018139,"minTime":0.000446745,"maxParallels":1,